{
  "assignmentMatrix": [
    {
      "cellIndex": 0,
      "d2dPairIndex": 0
    }
  ],
  "cellInfo": {
    "cells": [
      {
        "target_sinr": 0.0,
        "transmissionPower": 20.0,
        "x_coordinate": 563.5304795521205,
        "y_coordinate": 7.861636483681721
      }
    ],
    "totalCells": 1
  },
  "d2dInfo": {
    "d2dPairs": [
      {
        "receiver_target_SINR": 0.0,
        "receiver_x_coordinate": 55.75599159085958,
        "receiver_y_coordinate": 806.8162538916303,
        "transmitter_transmissionPower": 20.0,
        "transmitter_x_coordinate": 59.50636427057886,
        "transmitter_y_coordinate": 798.8829204086621
      }
    ],
    "totalD2D": 1
  },
  "hungarian_coral_interference": 0.0,
  "hungarian_coral_sumrate": 30.01299128714533,
  "hungarian_graph_interference": 1.1619835189951938e-09,
  "hungarian_graph_sumrate": 8.083454220014207,
  "llm_interference": 1.1619835189951938e-09,
  "llm_sumrate": 8.083454220014207,
  "unshared_interference": 0.0,
  "unshared_sumrate": 30.01299128714533
}