{
  "assignmentMatrix": [
    {
      "cellIndex": 0,
      "d2dPairIndex": 0
    }
  ],
  "cellInfo": {
    "cells": [
      {
        "target_sinr": 0.0,
        "transmissionPower": 20.0,
        "x_coordinate": 518.0509219087174,
        "y_coordinate": -240.5720012602398
      },
      {
        "target_sinr": 0.0,
        "transmissionPower": 20.0,
        "x_coordinate": 606.2173656533344,
        "y_coordinate": -33.92268748761926
      },
      {
        "target_sinr": 0.0,
        "transmissionPower": 20.0,
        "x_coordinate": -2.972168526466049,
        "y_coordinate": 663.0384753153626
      }
    ],
    "totalCells": 3
  },
  "d2dInfo": {
    "d2dPairs": [
      {
        "receiver_target_SINR": 0.0,
        "receiver_x_coordinate": 87.5977731796896,
        "receiver_y_coordinate": -442.1959584003495,
        "transmitter_transmissionPower": 20.0,
        "transmitter_x_coordinate": 95.17324448873941,
        "transmitter_y_coordinate": -437.12640687803423
      }
    ],
    "totalD2D": 1
  },
  "hungarian_coral_interference": 0.0,
  "hungarian_coral_sumrate": 88.71317878352063,
  "hungarian_graph_interference": 9.799267442042298e-09,
  "hungarian_graph_sumrate": 67.4631268162168,
  "llm_interference": 9.801962584994875e-09,
  "llm_sumrate": 67.11675071092552,
  "unshared_interference": 0.0,
  "unshared_sumrate": 88.71317878352063
}